threshold,step,seed,pcc,rmse
6.0,0.5,0,0.8568936872621168,1.2162378384700494
6.0,0.5,1,0.8575095210216502,1.2157475806441256
6.0,0.5,2,0.8562615667849198,1.2175001661771503
6.0,0.5,3,0.8564708786701188,1.216935361740141
6.0,0.5,4,0.8578146626848197,1.2147516325086856
6.0,0.5,5,0.8588198424932335,1.2100401643454162
6.0,0.5,6,0.8606667130346136,1.2054838233613254
6.0,0.5,7,0.8607500618266554,1.2054583509402343
6.0,0.5,8,0.8564673053995298,1.2191361927956932
6.0,0.5,9,0.8568400592576468,1.2128643047749996
6.0,0.5,10,0.855978985220999,1.217296290560655
6.0,0.5,11,0.8632377558792007,1.1965069466453677
6.0,0.5,12,0.8587384309832576,1.2082645935159857
6.0,0.5,13,0.858738529691782,1.2095934896331917
6.0,0.5,14,0.8561799020044325,1.2181751570215245
6.0,0.5,15,0.858099056533957,1.2146101218184582
6.0,0.5,16,0.8589616030641305,1.2104820986681366
6.0,0.5,17,0.8595138632271305,1.2085108489952963
6.0,0.5,18,0.857169439328251,1.2160628663451452
6.0,0.5,19,0.8554759703122118,1.2231476687156988
6.0,0.5,20,0.8592175352758874,1.2092014533096374
6.0,0.5,21,0.8601046924506904,1.2073309660284524
6.0,0.5,22,0.8606463336207549,1.2038075188377453
6.0,0.5,23,0.8582960419000814,1.2125091137001491
6.0,0.5,24,0.8613870442718745,1.204739460956706
6.0,0.5,25,0.8595885156104865,1.2107773798855002
6.0,0.5,26,0.859100527616059,1.2091133955307418
6.0,0.5,27,0.8563534269512973,1.2176367920427498
6.0,0.5,28,0.8566970452189328,1.2192339129674563
6.0,0.5,29,0.8589148284561461,1.21260464291271
6.0,0.5,30,0.8578186952200981,1.21665690582327
6.0,0.5,31,0.861301009941856,1.2043193605296494
6.0,0.5,32,0.8557261463054325,1.2191082459143163
6.0,0.5,33,0.8586743518551014,1.2120428471074867
6.0,0.5,34,0.8575526872101215,1.2155190669518028
6.0,0.5,35,0.8590123718647449,1.2164916252375473
6.0,0.5,36,0.8572374728773604,1.2202721830904724
6.0,0.5,37,0.8569892347643944,1.2166156178105598
6.0,0.5,38,0.8573813053560356,1.2122498267954926
6.0,0.5,39,0.8585177812153686,1.2143039958374486
6.0,0.5,40,0.8574993438405212,1.2172198320555165
6.0,0.5,41,0.8593560584285753,1.2116928355416412
6.0,0.5,42,0.8591947487221201,1.209215245703823
6.0,0.5,43,0.8540390734594742,1.2244981818866791
6.0,0.5,44,0.8600172882551178,1.2115994825679366
6.0,0.5,45,0.856079710848285,1.2185824845164648
6.0,0.5,46,0.8569966032403917,1.2180635076621253
6.0,0.5,47,0.8570609839536445,1.2161905839817075
6.0,0.5,48,0.8588261454766499,1.2108975072042163
6.0,0.5,49,0.8596984240676613,1.2084323969515731
6.0,0.5,50,0.8596157133307992,1.210084192027704
6.0,0.5,51,0.8595606305584822,1.2105030482559231
6.0,0.5,52,0.8572716724733775,1.2168612717941256
6.0,0.5,53,0.857012392149316,1.2174743268141444
6.0,0.5,54,0.8620837228698203,1.2046781982967456
6.0,0.5,55,0.8592780362793333,1.2118230482113774
6.0,0.5,56,0.8554533978676107,1.218394828346442
6.0,0.5,57,0.8586898362060462,1.2133917391986355
6.0,0.5,58,0.8573312903243551,1.2153015122446655
6.0,0.5,59,0.856941454466159,1.2162847351903086
6.0,0.5,60,0.8593110502947052,1.2077817486776106
6.0,0.5,61,0.85984873405406,1.2081197956345266
6.0,0.5,62,0.8555965249325634,1.2204748159503542
6.0,0.5,63,0.8559614832084926,1.2184522475122919
6.0,0.5,64,0.8559726716661832,1.220053770614382
6.0,0.5,65,0.8613409582528001,1.2025008392790195
6.0,0.5,66,0.8577098472532809,1.2119110861625557
6.0,0.5,67,0.8573187787493234,1.2144265335384052
6.0,0.5,68,0.859378430574136,1.2113561953830436
6.0,0.5,69,0.8595407296881891,1.210053367918619
6.0,0.5,70,0.8580667308266872,1.2130620621062271
6.0,0.5,71,0.8593228278407635,1.2048114392274523
6.0,0.5,72,0.8566779573321973,1.2162651033964773
6.0,0.5,73,0.8554774927000516,1.216679916940114
6.0,0.5,74,0.8591823633365331,1.2114080891151002
6.0,0.5,75,0.859091239788296,1.2096649588272697
6.0,0.5,76,0.8595204173686815,1.2087259648490278
6.0,0.5,77,0.8582530525215214,1.212786888454717
6.0,0.5,78,0.8587804658026813,1.2124122489943931
6.0,0.5,79,0.8571457510852638,1.217149547013679
6.0,0.5,80,0.8567290593261019,1.214685610591568
6.0,0.5,81,0.8564199517037215,1.2164568903806188
6.0,0.5,82,0.8598755576676288,1.2092032498143916
6.0,0.5,83,0.8578664480265527,1.2111456457486751
6.0,0.5,84,0.8563508167262323,1.2125069776538184
6.0,0.5,85,0.8577259151221165,1.2151957070907062
6.0,0.5,86,0.859137235238653,1.214489947595517
6.0,0.5,87,0.8584741628643177,1.20948214688655
6.0,0.5,88,0.8541941647644463,1.2238296919002758
6.0,0.5,89,0.8582940676500118,1.212789191641247
6.0,0.5,90,0.857096806175516,1.2122119659043957
6.0,0.5,91,0.8584381214813536,1.21440319570342
6.0,0.5,92,0.8590032662426009,1.211789575047933
6.0,0.5,93,0.8547807415763673,1.2210011412826565
6.0,0.5,94,0.8574635201092834,1.2141493545277502
6.0,0.5,95,0.8566569837951749,1.2154836634643427
6.0,0.5,96,0.8580211824204821,1.2149046781641633
6.0,0.5,97,0.8566195482909217,1.2144625678185772
6.0,0.5,98,0.8562161771365849,1.220168144211662
6.0,0.5,99,0.8587006738002259,1.2106095997478712
6.0,1.0,0,0.8613148590125412,1.193444590445298
6.0,1.0,1,0.863396226983303,1.1875011236182362
6.0,1.0,2,0.8642315768831266,1.1852608154673858
6.0,1.0,3,0.8666441479554129,1.181419751229883
6.0,1.0,4,0.861237475709878,1.1909643097413642
6.0,1.0,5,0.8656992599908571,1.1829075094028358
6.0,1.0,6,0.8663705406709029,1.1772516767312673
6.0,1.0,7,0.8611405942064868,1.192903626582566
6.0,1.0,8,0.8609266171190303,1.195741363371686
6.0,1.0,9,0.8620158524912247,1.1919456923147116
6.0,1.0,10,0.864398737486504,1.1841359317185385
6.0,1.0,11,0.8637035115001168,1.187183462650022
6.0,1.0,12,0.8634378113697592,1.1848177527361337
6.0,1.0,13,0.8656982881655717,1.1799920126924046
6.0,1.0,14,0.8636773310278808,1.1845750795100611
6.0,1.0,15,0.8672683855931507,1.1760152207042085
6.0,1.0,16,0.8593728423310986,1.1981912552192542
6.0,1.0,17,0.8644258995758937,1.1861344522448407
6.0,1.0,18,0.8641204171499414,1.1844436364694468
6.0,1.0,19,0.8622917362996274,1.1906195031495845
6.0,1.0,20,0.86398745471655,1.185515951392435
6.0,1.0,21,0.8581471189886284,1.2001613113550946
6.0,1.0,22,0.8625391647594899,1.1897323901388763
6.0,1.0,23,0.8653489996656336,1.1803643241358681
6.0,1.0,24,0.8639147521230908,1.18793278493239
6.0,1.0,25,0.8653517819764883,1.1779950353551691
6.0,1.0,26,0.8628580880467983,1.184821344953814
6.0,1.0,27,0.8644202965570055,1.180264356868875
6.0,1.0,28,0.8632143004028443,1.1864535900891224
6.0,1.0,29,0.8652418063417742,1.1868467121394897
6.0,1.0,30,0.8614324302198778,1.1890677005090355
6.0,1.0,31,0.8620401220865685,1.190402351932677
6.0,1.0,32,0.8602024858855498,1.196868912454342
6.0,1.0,33,0.8645617577225839,1.1815616455669984
6.0,1.0,34,0.8624659679731935,1.191352593889852
6.0,1.0,35,0.8646336289336654,1.1818491272300577
6.0,1.0,36,0.8633618461291426,1.1868952657014222
6.0,1.0,37,0.8666698128059401,1.1780683296419696
6.0,1.0,38,0.8649266343238955,1.1845118044330365
6.0,1.0,39,0.8602909868698299,1.1940371682405895
6.0,1.0,40,0.8612850210160006,1.192960707115641
6.0,1.0,41,0.8649408245147286,1.181378522033384
6.0,1.0,42,0.8646283363062316,1.1817841677989824
6.0,1.0,43,0.8612304465675573,1.1908284935876463
6.0,1.0,44,0.8616692975192344,1.1919275763029407
6.0,1.0,45,0.8643889002744808,1.1806361290998109
6.0,1.0,46,0.8619118605436376,1.190828551389757
6.0,1.0,47,0.863046209972423,1.1861032969139724
6.0,1.0,48,0.863173141068575,1.1894843659045704
6.0,1.0,49,0.8642215592701094,1.18507083579532
6.0,1.0,50,0.8640942003618605,1.1860781181513687
6.0,1.0,51,0.8622158344754526,1.1919300731853852
6.0,1.0,52,0.8613234364756025,1.191906197744563
6.0,1.0,53,0.8647960865679913,1.1829490714094912
6.0,1.0,54,0.8633335855850851,1.1878845408101586
6.0,1.0,55,0.8652966440939431,1.180169210863579
6.0,1.0,56,0.8628718845672919,1.1863653504903129
6.0,1.0,57,0.8629414510474828,1.1861507479387825
6.0,1.0,58,0.8601906676191008,1.1940888868790418
6.0,1.0,59,0.8614272736661435,1.1886492479211999
6.0,1.0,60,0.8627260444888095,1.1905233800729396
6.0,1.0,61,0.8621194883818977,1.1936694773956111
6.0,1.0,62,0.8621627502175856,1.1886224628572521
6.0,1.0,63,0.8654918046701692,1.1769904056071818
6.0,1.0,64,0.8603805757960667,1.1952407746418936
6.0,1.0,65,0.8629722760068085,1.1882395047088292
6.0,1.0,66,0.8605164886127193,1.195369694301726
6.0,1.0,67,0.8612430887357908,1.1914052780086566
6.0,1.0,68,0.8644791927836213,1.1844490643977024
6.0,1.0,69,0.8633403123288862,1.1854431206139169
6.0,1.0,70,0.8596971278702727,1.197263412859658
6.0,1.0,71,0.8642066915777082,1.1880351144643726
6.0,1.0,72,0.8633673940116519,1.1857266130596473
6.0,1.0,73,0.8634083012398568,1.1894961976693397
6.0,1.0,74,0.8622685174978708,1.1894421480019364
6.0,1.0,75,0.8620032232268606,1.191921708282741
6.0,1.0,76,0.8686454194402872,1.1707984128033553
6.0,1.0,77,0.8594477574646685,1.1956686721536869
6.0,1.0,78,0.8653072744701195,1.185720419925903
6.0,1.0,79,0.8628783361261899,1.1866845637451244
6.0,1.0,80,0.8635334131249491,1.187283137196427
6.0,1.0,81,0.8589720168423575,1.1953308818496509
6.0,1.0,82,0.8644593447109081,1.1864008831265258
6.0,1.0,83,0.8618474166718464,1.1906431735923542
6.0,1.0,84,0.862544363392179,1.1888842496096772
6.0,1.0,85,0.864233581391067,1.1869927756677094
6.0,1.0,86,0.8611610959696013,1.1914303460166211
6.0,1.0,87,0.8643412764137388,1.1837522222656958
6.0,1.0,88,0.8618157066157516,1.18912825945705
6.0,1.0,89,0.8657731130939004,1.1809230112839584
6.0,1.0,90,0.8590791857141034,1.2015364629831502
6.0,1.0,91,0.86081764354425,1.1936684359960128
6.0,1.0,92,0.865476967393838,1.1820405296068093
6.0,1.0,93,0.8625785182096479,1.1882036194481018
6.0,1.0,94,0.8636909787834205,1.1852870726468427
6.0,1.0,95,0.8640060018064759,1.18578177826841
6.0,1.0,96,0.8662379684175576,1.180324519997173
6.0,1.0,97,0.8614286084426401,1.1939090772183214
6.0,1.0,98,0.862447311997465,1.188153288599255
6.0,1.0,99,0.8595242334428032,1.1966617462889455
6.0,2.0,0,0.8684658523204343,1.1644560865196012
6.0,2.0,1,0.8707973920824955,1.1565584719593582
6.0,2.0,2,0.8659599373363338,1.1718937340440811
6.0,2.0,3,0.8664220078391758,1.1682877934049705
6.0,2.0,4,0.8667874412375024,1.1709955049978975
6.0,2.0,5,0.866289227099504,1.170671254566426
6.0,2.0,6,0.8670897150235264,1.1706737108127494
6.0,2.0,7,0.8647111823442489,1.1736123202170186
6.0,2.0,8,0.8645955755082931,1.1748319257191162
6.0,2.0,9,0.8655701274145788,1.1724382039311025
6.0,2.0,10,0.8692860538580343,1.165310198077797
6.0,2.0,11,0.8684807444763813,1.1655327343412836
6.0,2.0,12,0.8665249723868743,1.1725357238742993
6.0,2.0,13,0.8695363701712251,1.163351267905199
6.0,2.0,14,0.8675707939621699,1.1660914781663658
6.0,2.0,15,0.8684564305441107,1.160341701550371
6.0,2.0,16,0.8679665554434104,1.167195774966323
6.0,2.0,17,0.867453125577692,1.1654677411286156
6.0,2.0,18,0.8658753476484807,1.174228153544464
6.0,2.0,19,0.8631355309058029,1.1771040491315388
6.0,2.0,20,0.8660627781116849,1.172867977391562
6.0,2.0,21,0.8665623394772872,1.1693060971444158
6.0,2.0,22,0.8653472502469475,1.174988573445359
6.0,2.0,23,0.8671093081133932,1.1690805689404478
6.0,2.0,24,0.8701477068613158,1.1605975809041633
6.0,2.0,25,0.8695793136405674,1.1600044888708314
6.0,2.0,26,0.8685491931597132,1.1621153732015632
6.0,2.0,27,0.8643855479643998,1.1763391232622453
6.0,2.0,28,0.8630449283606925,1.1776008797264905
6.0,2.0,29,0.8677670627863371,1.1662295363553778
6.0,2.0,30,0.8689380900760921,1.1629348273692743
6.0,2.0,31,0.8680924022304884,1.165283239936009
6.0,2.0,32,0.8643649921401204,1.1754318456423118
6.0,2.0,33,0.8692911226664067,1.1651030108764417
6.0,2.0,34,0.865984602440747,1.172396719878559
6.0,2.0,35,0.8655163479291712,1.1752078904800258
6.0,2.0,36,0.8648975355700305,1.175686090111731
6.0,2.0,37,0.8652694387374359,1.1731233816778526
6.0,2.0,38,0.8671088688641049,1.1679958943966757
6.0,2.0,39,0.865911682964319,1.1736546443020672
6.0,2.0,40,0.8649136315602802,1.1738775911680184
6.0,2.0,41,0.8655824384607234,1.1750848910857177
6.0,2.0,42,0.8684334572352901,1.1644735635384171
6.0,2.0,43,0.8657847551659009,1.173316898979728
6.0,2.0,44,0.8669021596030106,1.1668302046792396
6.0,2.0,45,0.8657719062459749,1.1692405523743954
6.0,2.0,46,0.8663054907424633,1.1714811809967607
6.0,2.0,47,0.8681023100041257,1.1635796328400558
6.0,2.0,48,0.867478281596658,1.1707154443568757
6.0,2.0,49,0.8652208742968254,1.173077288937847
6.0,2.0,50,0.8704536432818037,1.1593482340044323
6.0,2.0,51,0.8705746163063199,1.1585556447551217
6.0,2.0,52,0.8681050891785999,1.1651002000158235
6.0,2.0,53,0.8680861672418497,1.1630013732028333
6.0,2.0,54,0.8696983588044083,1.1609419678013824
6.0,2.0,55,0.864776653659538,1.1732438607543312
6.0,2.0,56,0.8663493299539582,1.1700057933899266
6.0,2.0,57,0.8671602910412307,1.168211259728113
6.0,2.0,58,0.8675494874668372,1.1691131069286407
6.0,2.0,59,0.8636133140247612,1.1794958228097556
6.0,2.0,60,0.8661437957214,1.1690257686063934
6.0,2.0,61,0.8646138812304921,1.1747812985902224
6.0,2.0,62,0.8665412207005909,1.1705622774735762
6.0,2.0,63,0.8686069696060104,1.165075263777107
6.0,2.0,64,0.8688114430150904,1.1609519666109516
6.0,2.0,65,0.8655586558688707,1.1745827433503424
6.0,2.0,66,0.8689252532270083,1.159694485576625
6.0,2.0,67,0.8698843223904339,1.1590121513434017
6.0,2.0,68,0.8646563722466892,1.1738917214120577
6.0,2.0,69,0.8661150233267921,1.1691600971047604
6.0,2.0,70,0.8668811980771663,1.1691658493755588
6.0,2.0,71,0.8689195708763964,1.1633798644326194
6.0,2.0,72,0.8658114493819362,1.1720065698087714
6.0,2.0,73,0.867629168352826,1.1646657468790085
6.0,2.0,74,0.8660679878841797,1.1721059067412847
6.0,2.0,75,0.8639557363936662,1.1765710663953712
6.0,2.0,76,0.866880562335061,1.1697198053289877
6.0,2.0,77,0.8686435764669556,1.165495940902131
6.0,2.0,78,0.8683255521197923,1.166321998984457
6.0,2.0,79,0.8633284186632362,1.1792651930757059
6.0,2.0,80,0.8664375690999587,1.1715969662782315
6.0,2.0,81,0.8694853619489455,1.1614891317796672
6.0,2.0,82,0.865570879667072,1.170027288681242
6.0,2.0,83,0.868320333341113,1.1664579867391232
6.0,2.0,84,0.8677272119796876,1.1677100923643415
6.0,2.0,85,0.8679115025543943,1.1684228171623172
6.0,2.0,86,0.8654820228651398,1.1736132364114238
6.0,2.0,87,0.8689501725534408,1.1623150162075837
6.0,2.0,88,0.8664717335682194,1.170218040249763
6.0,2.0,89,0.8667273525397636,1.1690657192626541
6.0,2.0,90,0.8670872194929169,1.1671270701393914
6.0,2.0,91,0.8674683909726459,1.166072365616473
6.0,2.0,92,0.8670355264856595,1.1672706756272906
6.0,2.0,93,0.866097857299831,1.1712696935598337
6.0,2.0,94,0.8667629498052074,1.1680655677066254
6.0,2.0,95,0.8645835198485615,1.1748090879543582
6.0,2.0,96,0.868557119624029,1.1678382203126938
6.0,2.0,97,0.8654962599460864,1.1718123312720063
6.0,2.0,98,0.8661707361526776,1.1702066387226742
6.0,2.0,99,0.8677913829910265,1.1648610175244816
8.0,0.5,0,0.8638573661295772,1.2125359212128457
8.0,0.5,1,0.8624136569228926,1.2114960920425897
8.0,0.5,2,0.8619900822884404,1.213672803510784
8.0,0.5,3,0.8619260008721044,1.2121114822162624
8.0,0.5,4,0.8646310898841428,1.2068234809907614
8.0,0.5,5,0.8631104432788125,1.2081616804521877
8.0,0.5,6,0.8640593983042779,1.21143216645115
8.0,0.5,7,0.8636683784517813,1.2100388447013863
8.0,0.5,8,0.861601920096396,1.214205762542702
8.0,0.5,9,0.8592481020207554,1.2179038612742614
8.0,0.5,10,0.8632541173621469,1.212998440309995
8.0,0.5,11,0.8589786877254437,1.2220568390088364
8.0,0.5,12,0.8626618712894984,1.2113820192973277
8.0,0.5,13,0.8603851139812391,1.2158446881899208
8.0,0.5,14,0.8611885186875948,1.215548666168547
8.0,0.5,15,0.8599814313275093,1.2170793849630483
8.0,0.5,16,0.8629552347068307,1.2064082207798745
8.0,0.5,17,0.8639228555721128,1.2090690890961469
8.0,0.5,18,0.8601548769433067,1.2202511029490681
8.0,0.5,19,0.858448173305487,1.220636812663759
8.0,0.5,20,0.86423985747523,1.2089698550723744
8.0,0.5,21,0.8626350636644184,1.2140523359998452
8.0,0.5,22,0.8609414920158506,1.2180432603680957
8.0,0.5,23,0.8575207287813539,1.22545103269614
8.0,0.5,24,0.8614976370707441,1.2181341877331944
8.0,0.5,25,0.8588026719934813,1.2222012343117532
8.0,0.5,26,0.8583459752981324,1.2245872262064972
8.0,0.5,27,0.8623820069994491,1.2100672573553986
8.0,0.5,28,0.862798875167841,1.213396604487622
8.0,0.5,29,0.8632670402598147,1.2139245917090953
8.0,0.5,30,0.8657364727754593,1.204676582351104
8.0,0.5,31,0.8592309309229472,1.220568671332777
8.0,0.5,32,0.8600303899773433,1.217704421449978
8.0,0.5,33,0.8579756663106839,1.2253320676056936
8.0,0.5,34,0.863559424448674,1.2115068580654147
8.0,0.5,35,0.8603565563952627,1.216425495059861
8.0,0.5,36,0.8633440135006123,1.211936183449241
8.0,0.5,37,0.8622536820747317,1.2143422678798512
8.0,0.5,38,0.8610048301716313,1.2159931752920599
8.0,0.5,39,0.8636344858969176,1.213348475333578
8.0,0.5,40,0.8612330627441737,1.2171841348998744
8.0,0.5,41,0.8614151117005885,1.2163890594066056
8.0,0.5,42,0.8615194306404556,1.217889876471413
8.0,0.5,43,0.8600974927054141,1.2180767596573232
8.0,0.5,44,0.862675413246271,1.216509972777907
8.0,0.5,45,0.8602896675273749,1.2187978517457885
8.0,0.5,46,0.8655717831086143,1.2044922057014016
8.0,0.5,47,0.8597780863661747,1.2176739487978518
8.0,0.5,48,0.8601747649440579,1.2208875744410148
8.0,0.5,49,0.8639746177248266,1.2086277125231626
8.0,0.5,50,0.8592008965454232,1.2221047368798454
8.0,0.5,51,0.8638590611827175,1.2132372295169955
8.0,0.5,52,0.8589959318380913,1.22401305066627
8.0,0.5,53,0.8617796040721023,1.2147508771925788
8.0,0.5,54,0.8642940019306893,1.206635788520987
8.0,0.5,55,0.8616625225410438,1.2150577425139464
8.0,0.5,56,0.8619964525558027,1.2129798338590219
8.0,0.5,57,0.8598184433121997,1.2159978255387998
8.0,0.5,58,0.8599276958099723,1.2151970487046215
8.0,0.5,59,0.8633276397373728,1.21511139564215
8.0,0.5,60,0.8603596283348357,1.2180205334145404
8.0,0.5,61,0.8627330617310167,1.2105268265867415
8.0,0.5,62,0.8645471604880883,1.2092795030974
8.0,0.5,63,0.86442291903741,1.2081926467477302
8.0,0.5,64,0.8585702235030247,1.22293595467992
8.0,0.5,65,0.8598507182967607,1.2203015509136972
8.0,0.5,66,0.8635812191340284,1.2075286039739095
8.0,0.5,67,0.8590393271855976,1.2210689505833834
8.0,0.5,68,0.8593540349772971,1.2177871573235284
8.0,0.5,69,0.8623783980426392,1.213711043461922
8.0,0.5,70,0.8607111331210897,1.2145799213173394
8.0,0.5,71,0.8609076467148397,1.2177785922841564
8.0,0.5,72,0.8612654543307758,1.215690513757453
8.0,0.5,73,0.8612106609470698,1.2152292475444644
8.0,0.5,74,0.8623677974912324,1.214481239969945
8.0,0.5,75,0.8635846767342382,1.2123253046164164
8.0,0.5,76,0.8592018277117338,1.2240721309122626
8.0,0.5,77,0.8619517542481812,1.2141195283419481
8.0,0.5,78,0.8582240925731119,1.2242839183965186
8.0,0.5,79,0.8606181774030779,1.217906692304855
8.0,0.5,80,0.8624206660872883,1.210905008420972
8.0,0.5,81,0.8608062288696716,1.2175463933456268
8.0,0.5,82,0.8612074144226732,1.217464357271295
8.0,0.5,83,0.8617746818027027,1.2195785779587127
8.0,0.5,84,0.8610763771516589,1.2168395808841235
8.0,0.5,85,0.8614427494518894,1.2155111907117102
8.0,0.5,86,0.8631756003344793,1.208130807798366
8.0,0.5,87,0.8605374563951311,1.2210952410743323
8.0,0.5,88,0.8586459791511634,1.22374261895756
8.0,0.5,89,0.8619210478575335,1.2132090675831069
8.0,0.5,90,0.8616312815691779,1.2203231966904877
8.0,0.5,91,0.8644020746479737,1.2085206144552378
8.0,0.5,92,0.864170717446649,1.2073937066892224
8.0,0.5,93,0.8616036667649468,1.216935561667313
8.0,0.5,94,0.8638155581439971,1.2141943452095696
8.0,0.5,95,0.8616156303847398,1.217401988612056
8.0,0.5,96,0.8609006862649291,1.2170302119951903
8.0,0.5,97,0.862922890487113,1.2128981460589596
8.0,0.5,98,0.8616767552412212,1.2175620277316639
8.0,0.5,99,0.8621703073759391,1.2122322183839016
8.0,1.0,0,0.8693802228972508,1.1729921790879625
8.0,1.0,1,0.8646641617998017,1.1849809314148037
8.0,1.0,2,0.8675804845043298,1.1746643972414224
8.0,1.0,3,0.8684540463346794,1.1776691156883246
8.0,1.0,4,0.8688394420753693,1.1732557638782348
8.0,1.0,5,0.8665377919715829,1.1819255616552886
8.0,1.0,6,0.8685809422393995,1.1741165122979194
8.0,1.0,7,0.8659143677463103,1.1815422127847717
8.0,1.0,8,0.8678932631273668,1.1765594148581697
8.0,1.0,9,0.8669682935514215,1.1790603765716752
8.0,1.0,10,0.8710945095411003,1.1714996622745768
8.0,1.0,11,0.8665776854912643,1.1834079146064502
8.0,1.0,12,0.8662378008897961,1.1831929881237184
8.0,1.0,13,0.8672171731047784,1.1794504187333634
8.0,1.0,14,0.8689443527461926,1.177887123690826
8.0,1.0,15,0.8694456925415261,1.1762559200975318
8.0,1.0,16,0.8667123783053929,1.1798941847690612
8.0,1.0,17,0.862826245196018,1.1891473762731781
8.0,1.0,18,0.8658332492545636,1.1841770859258542
8.0,1.0,19,0.8652740725393909,1.18778035673237
8.0,1.0,20,0.866741715645604,1.1791269649928644
8.0,1.0,21,0.8676281944250673,1.1797378961160534
8.0,1.0,22,0.869341454932681,1.1731251228382518
8.0,1.0,23,0.8691677527618118,1.176597987337989
8.0,1.0,24,0.8685020513995441,1.1775217082191438
8.0,1.0,25,0.8680849317363988,1.1799221581939268
8.0,1.0,26,0.864920079920327,1.1869111625109208
8.0,1.0,27,0.8678095238474248,1.1772905129573545
8.0,1.0,28,0.8663017121710745,1.1793232307043424
8.0,1.0,29,0.8688206251734435,1.1731087120699952
8.0,1.0,30,0.8667416031975197,1.1796410270718407
8.0,1.0,31,0.8673034192740086,1.1771266602836898
8.0,1.0,32,0.8666410376951401,1.1817470858235442
8.0,1.0,33,0.8657963296923014,1.1821712045495683
8.0,1.0,34,0.8693412167765803,1.1730730439795403
8.0,1.0,35,0.8674038211355267,1.1775337638366294
8.0,1.0,36,0.8652920597529868,1.1846329654644716
8.0,1.0,37,0.8648634243083123,1.1839711481153052
8.0,1.0,38,0.8655783825102847,1.1868153941630815
8.0,1.0,39,0.870088936125862,1.1715140119060943
8.0,1.0,40,0.8667704000319603,1.1794073601106954
8.0,1.0,41,0.8666074090277387,1.1815034788151817
8.0,1.0,42,0.8667102745370767,1.179211395954936
8.0,1.0,43,0.8658356904457597,1.1847196864595835
8.0,1.0,44,0.8662252651343025,1.1811821271876335
8.0,1.0,45,0.8658268629605154,1.1877797925704354
8.0,1.0,46,0.8688966540797921,1.1741486044037963
8.0,1.0,47,0.8641036148221827,1.1854194075934918
8.0,1.0,48,0.8642177948206824,1.189298113127294
8.0,1.0,49,0.8673798716275427,1.180973192485665
8.0,1.0,50,0.8670014785482822,1.1819146687436055
8.0,1.0,51,0.8693143853575702,1.1741443376386935
8.0,1.0,52,0.8645466137597283,1.184169210723911
8.0,1.0,53,0.8667011559555456,1.1848465626315652
8.0,1.0,54,0.8661587880241,1.181938201828334
8.0,1.0,55,0.8678824088893052,1.177583392160338
8.0,1.0,56,0.8664999570054744,1.1813887053057504
8.0,1.0,57,0.8661449040113204,1.1808589949800203
8.0,1.0,58,0.8694384208678873,1.1746498970016033
8.0,1.0,59,0.8682752329702109,1.1770033288252657
8.0,1.0,60,0.8651371511780418,1.1889124814899832
8.0,1.0,61,0.8676687702995086,1.17712971061449
8.0,1.0,62,0.8664369214262553,1.1825320411024174
8.0,1.0,63,0.8658076433163504,1.1838260276031567
8.0,1.0,64,0.8656157664684861,1.1817753993034386
8.0,1.0,65,0.8640163271326986,1.19007347054024
8.0,1.0,66,0.8683584479771453,1.1742624018119334
8.0,1.0,67,0.8650522266129063,1.1863552734540548
8.0,1.0,68,0.8657140180452934,1.1809670964123322
8.0,1.0,69,0.8627864799158435,1.1906079702901955
8.0,1.0,70,0.864797605374136,1.184788850791963
8.0,1.0,71,0.8635460891831106,1.1890744431426223
8.0,1.0,72,0.8697662498089843,1.1699907784089956
8.0,1.0,73,0.8664909648874825,1.1797877933487595
8.0,1.0,74,0.8642041060461552,1.1932151105756035
8.0,1.0,75,0.8687849678273996,1.1743411009264337
8.0,1.0,76,0.8652852343146296,1.182207561028144
8.0,1.0,77,0.8661468681290914,1.182462980645002
8.0,1.0,78,0.8678260244444562,1.1784957446839177
8.0,1.0,79,0.8690666167526794,1.1753205666161393
8.0,1.0,80,0.867291639630423,1.1790390816726584
8.0,1.0,81,0.8671366811919546,1.179056641871819
8.0,1.0,82,0.8670278216918096,1.183486918003014
8.0,1.0,83,0.8646064570358696,1.182502861917648
8.0,1.0,84,0.867940859858645,1.1770784366221032
8.0,1.0,85,0.8674057989895617,1.1790280429942026
8.0,1.0,86,0.8651386852625877,1.1839979444496842
8.0,1.0,87,0.8629269817782915,1.188247791564003
8.0,1.0,88,0.8666224829739146,1.1820193865718414
8.0,1.0,89,0.8673456826886929,1.1799226361762767
8.0,1.0,90,0.8691200441773211,1.1754163150460646
8.0,1.0,91,0.8654511904216515,1.1885642082482126
8.0,1.0,92,0.8642212461376098,1.189723785392078
8.0,1.0,93,0.8681876050485219,1.176953381927709
8.0,1.0,94,0.8655333997173201,1.1839911706410928
8.0,1.0,95,0.8669605267971751,1.1813291219853377
8.0,1.0,96,0.8696110684860616,1.1748379637523865
8.0,1.0,97,0.8678766641534619,1.180201072856031
8.0,1.0,98,0.8671735895475278,1.182180331996439
8.0,1.0,99,0.8665672275719454,1.1810724384747575
8.0,2.0,0,0.8689067068035231,1.1660251850190702
8.0,2.0,1,0.867155149743988,1.171326291102122
8.0,2.0,2,0.8688920293878318,1.1679542927944517
8.0,2.0,3,0.8708104862386135,1.1614290310039483
8.0,2.0,4,0.8669360431543398,1.1735710209336911
8.0,2.0,5,0.8678663900576407,1.1704684713822278
8.0,2.0,6,0.8701960423251079,1.165480835213339
8.0,2.0,7,0.8702490834003628,1.167412822866825
8.0,2.0,8,0.870496883101662,1.1637824385189897
8.0,2.0,9,0.8689673254835908,1.1658788206988855
8.0,2.0,10,0.8695834030192492,1.166564724716833
8.0,2.0,11,0.8687849745578302,1.167573769033387
8.0,2.0,12,0.8656151994166957,1.1736597695429014
8.0,2.0,13,0.8677102611547727,1.1696257290834347
8.0,2.0,14,0.8691398570296905,1.1683285056961488
8.0,2.0,15,0.8659067714261882,1.1769418948987846
8.0,2.0,16,0.8687940148277054,1.1700593687823697
8.0,2.0,17,0.8723879659972369,1.1622007477970677
8.0,2.0,18,0.8681231568928351,1.1706717127603854
8.0,2.0,19,0.8696091731282775,1.1634969842733554
8.0,2.0,20,0.867950007337373,1.1704487328987747
8.0,2.0,21,0.8652036930626824,1.1779143933045142
8.0,2.0,22,0.8658021370895849,1.1731396856315561
8.0,2.0,23,0.8672063188143477,1.1722333455719545
8.0,2.0,24,0.8691123774336632,1.1657776410597598
8.0,2.0,25,0.8679964624122722,1.1711925408211057
8.0,2.0,26,0.8675139422268879,1.1703745437439768
8.0,2.0,27,0.869603381624612,1.1650058248695907
8.0,2.0,28,0.8681300582054732,1.171377101203836
8.0,2.0,29,0.8694173939556216,1.1691980744924833
8.0,2.0,30,0.8673334582244414,1.171160102704312
8.0,2.0,31,0.8716040780640673,1.161915774907509
8.0,2.0,32,0.8712096278258071,1.1610841288863483
8.0,2.0,33,0.8681480331567564,1.1716018611308956
8.0,2.0,34,0.8695154754348395,1.1647605879540706
8.0,2.0,35,0.8716524659767763,1.1597999040255524
8.0,2.0,36,0.868367306330374,1.1681322553407123
8.0,2.0,37,0.8666123387310868,1.1719524897502385
8.0,2.0,38,0.869072394845836,1.1653326005818148
8.0,2.0,39,0.8679717529464029,1.1687426088652655
8.0,2.0,40,0.8724522013623051,1.1563396858979174
8.0,2.0,41,0.8693493984731315,1.167444309627298
8.0,2.0,42,0.8681342074895493,1.1670919576890662
8.0,2.0,43,0.8677422138489886,1.1741629006694616
8.0,2.0,44,0.87017862886465,1.1631020943301336
8.0,2.0,45,0.8676152703695501,1.1683175238606782
8.0,2.0,46,0.8705187275380398,1.1597464825733315
8.0,2.0,47,0.8673032918113299,1.1738765776294828
8.0,2.0,48,0.868241911690586,1.1668502534304814
8.0,2.0,49,0.8698733527211746,1.1640919185933924
8.0,2.0,50,0.8685466325844419,1.1645699423915945
8.0,2.0,51,0.867080026995208,1.1722835255592783
8.0,2.0,52,0.8703985243145529,1.1646105229686445
8.0,2.0,53,0.8673265986998733,1.1687791245737764
8.0,2.0,54,0.8698060799532659,1.166012399275532
8.0,2.0,55,0.8679988905489838,1.1696525557647053
8.0,2.0,56,0.8662183007096019,1.176990451590202
8.0,2.0,57,0.871224738333473,1.160276927068262
8.0,2.0,58,0.8676602386341971,1.170499875115973
8.0,2.0,59,0.8683240948118797,1.1667179432971764
8.0,2.0,60,0.8700203011119697,1.1603448815783932
8.0,2.0,61,0.8670121064431268,1.1699542595370165
8.0,2.0,62,0.8678342727339317,1.1709823650086733
8.0,2.0,63,0.8683401080465029,1.1680570376402128
8.0,2.0,64,0.8680525350813394,1.1721190388375988
8.0,2.0,65,0.868539116109234,1.1682525606149687
8.0,2.0,66,0.8663658248982242,1.1739338493430456
8.0,2.0,67,0.8649929929418538,1.1776665042037073
8.0,2.0,68,0.8681132936423013,1.167551095382605
8.0,2.0,69,0.8688663111972516,1.1643030677886248
8.0,2.0,70,0.8710659017711189,1.160532460472619
8.0,2.0,71,0.8726255673169921,1.15676577622853
8.0,2.0,72,0.8682466993004091,1.1678118681730112
8.0,2.0,73,0.8689029682452267,1.166556130164209
8.0,2.0,74,0.8663079685113368,1.1744514347355364
8.0,2.0,75,0.867176057400441,1.1725252452535646
8.0,2.0,76,0.8690216417910356,1.16600997098479
8.0,2.0,77,0.8678820030165872,1.1705907383735388
8.0,2.0,78,0.8659049731119021,1.1756442896053083
8.0,2.0,79,0.870018982803972,1.1664441919931752
8.0,2.0,80,0.8676631086862325,1.1719997490264351
8.0,2.0,81,0.8701914865376862,1.160041144242748
8.0,2.0,82,0.868509351646853,1.1663915041787336
8.0,2.0,83,0.8703477028925218,1.1635028115461277
8.0,2.0,84,0.8649641581893797,1.180805230091325
8.0,2.0,85,0.8687872760890651,1.1669204749616189
8.0,2.0,86,0.8648622758843413,1.179247276509484
8.0,2.0,87,0.8703303902864152,1.1640576296787515
8.0,2.0,88,0.8676027465872892,1.170425972014285
8.0,2.0,89,0.8688536173962783,1.1678708347798223
8.0,2.0,90,0.8672572882025543,1.17338559851855
8.0,2.0,91,0.8652751842293118,1.1798391688687728
8.0,2.0,92,0.8644903264204153,1.1777412681684973
8.0,2.0,93,0.8710321101663938,1.157457607387558
8.0,2.0,94,0.8696352735860907,1.1620325298842937
8.0,2.0,95,0.8676776834783887,1.1715642020647614
8.0,2.0,96,0.8676037590723725,1.1731980616497975
8.0,2.0,97,0.8678139957811958,1.1702855958224667
8.0,2.0,98,0.8687546986259863,1.165966229317886
8.0,2.0,99,0.8690570664986,1.1621474964716623
10.0,0.5,0,0.8697106320403708,1.1990581580691422
10.0,0.5,1,0.86471299538245,1.214308087461382
10.0,0.5,2,0.8649304689224302,1.2121950004364113
10.0,0.5,3,0.8652094703186086,1.2097121831492796
10.0,0.5,4,0.870197104504911,1.1978995393241714
10.0,0.5,5,0.8664413867064882,1.206606434177927
10.0,0.5,6,0.8676705846323716,1.2028948405251816
10.0,0.5,7,0.8619190975552199,1.2225900338576892
10.0,0.5,8,0.8707553628966442,1.194403164769976
10.0,0.5,9,0.8678281836024083,1.208742781566333
10.0,0.5,10,0.8649423302667872,1.211767325029058
10.0,0.5,11,0.8658269714150385,1.2078168894267483
10.0,0.5,12,0.8642952155302689,1.2122766353859955
10.0,0.5,13,0.8662198972025053,1.2053738453885225
10.0,0.5,14,0.8672574941755261,1.2068338205518871
10.0,0.5,15,0.8659196690675252,1.2091360004358125
10.0,0.5,16,0.8671102050836274,1.204793688281352
10.0,0.5,17,0.8674903915793222,1.207374165862598
10.0,0.5,18,0.8678990095020848,1.2057178911607616
10.0,0.5,19,0.8686267122219986,1.2049460417494233
10.0,0.5,20,0.8703931193586136,1.1979435093895634
10.0,0.5,21,0.8659287955628544,1.2079296803273003
10.0,0.5,22,0.8682342367782458,1.2016632543965482
10.0,0.5,23,0.8670413798298185,1.2072358248633899
10.0,0.5,24,0.8684677014677132,1.1987470860399496
10.0,0.5,25,0.8677016447285102,1.2028436334106225
10.0,0.5,26,0.8675564236887685,1.2091990634521745
10.0,0.5,27,0.8635092010963368,1.2128221669841148
10.0,0.5,28,0.8668465868513812,1.2074059607851506
10.0,0.5,29,0.8698445588201622,1.2005645372462979
10.0,0.5,30,0.8681800331558811,1.201074697227562
10.0,0.5,31,0.8708532804291623,1.1923368236377343
10.0,0.5,32,0.8658886467661078,1.208662082306806
10.0,0.5,33,0.8663221602702258,1.2091666967636667
10.0,0.5,34,0.8686845503916353,1.206135704685974
10.0,0.5,35,0.8679780245048417,1.204842927237264
10.0,0.5,36,0.870039676588477,1.1999460372807242
10.0,0.5,37,0.8674136473673761,1.2059921979351318
10.0,0.5,38,0.864395482430991,1.215057622292947
10.0,0.5,39,0.8623619992202968,1.2136334735908028
10.0,0.5,40,0.8662726513763583,1.214400272690248
10.0,0.5,41,0.8682742630217106,1.2024081320561106
10.0,0.5,42,0.8634498383603296,1.2157827344293015
10.0,0.5,43,0.8681497272296262,1.2068788458259596
10.0,0.5,44,0.8684431673487825,1.2014109516346767
10.0,0.5,45,0.8655666013529787,1.209743875558126
10.0,0.5,46,0.8662884181464703,1.2098382035944566
10.0,0.5,47,0.8673159348650088,1.2039656530983498
10.0,0.5,48,0.8679042835743298,1.2012378636819254
10.0,0.5,49,0.8682121784520866,1.2020913136278129
10.0,0.5,50,0.8691398301120234,1.2046625513479712
10.0,0.5,51,0.864911837400031,1.2112970778349406
10.0,0.5,52,0.8653244148426061,1.2122492844708754
10.0,0.5,53,0.8680206586385973,1.2026801340620137
10.0,0.5,54,0.8659430698106704,1.2082562108049926
10.0,0.5,55,0.8678702893376473,1.2028482418328332
10.0,0.5,56,0.8665756257765156,1.2091755202057997
10.0,0.5,57,0.8680857506649861,1.2075540299712682
10.0,0.5,58,0.8690418289308541,1.2051519164101134
10.0,0.5,59,0.8675546401460612,1.2073346694971945
10.0,0.5,60,0.8651136620580028,1.2127450313688408
10.0,0.5,61,0.8656143207459162,1.2091097129676167
10.0,0.5,62,0.8656478591693064,1.2115561376142192
10.0,0.5,63,0.867335864817258,1.201998474840999
10.0,0.5,64,0.8662447397113117,1.2054436632888048
10.0,0.5,65,0.867398437613176,1.2030931597247145
10.0,0.5,66,0.8655790864116255,1.209080803771364
10.0,0.5,67,0.8646630152251767,1.2124914222949554
10.0,0.5,68,0.8656983024689906,1.2107476709555078
10.0,0.5,69,0.8695580367061141,1.1970156610064104
10.0,0.5,70,0.8657963921527003,1.21117299387785
10.0,0.5,71,0.8653965273852257,1.2104323019368501
10.0,0.5,72,0.8681209481934009,1.20464095931506
10.0,0.5,73,0.8708493817458725,1.194760705438673
10.0,0.5,74,0.8658272819678793,1.210682170444818
10.0,0.5,75,0.8672207245804046,1.2052437807423646
10.0,0.5,76,0.8636968873440448,1.2140133700258369
10.0,0.5,77,0.8652412296681932,1.2087830062156653
10.0,0.5,78,0.867890238393466,1.2056596506550838
10.0,0.5,79,0.8692177569942593,1.2013130684034858
10.0,0.5,80,0.8691851178558223,1.202325138694187
10.0,0.5,81,0.866745488223671,1.2088551595445063
10.0,0.5,82,0.8694947338628275,1.1992054633390608
10.0,0.5,83,0.8694676012683672,1.2023166838476003
10.0,0.5,84,0.8670286237498509,1.2056445521790242
10.0,0.5,85,0.8717832676339797,1.1921487540471978
10.0,0.5,86,0.8710262210504265,1.194436673406475
10.0,0.5,87,0.8659835255981944,1.207425266589235
10.0,0.5,88,0.8687861274997981,1.202080801797154
10.0,0.5,89,0.8690817809501158,1.1993894453855627
10.0,0.5,90,0.8708169047873201,1.200099718120316
10.0,0.5,91,0.8677323698283139,1.2062043283777069
10.0,0.5,92,0.8687708248139733,1.204252452345158
10.0,0.5,93,0.8687853372363602,1.2022814402895474
10.0,0.5,94,0.8681426274343348,1.2013832186469238
10.0,0.5,95,0.8689613998299575,1.1993416311697964
10.0,0.5,96,0.8653962515980017,1.2107449525137615
10.0,0.5,97,0.8654537730622436,1.2148432368897313
10.0,0.5,98,0.8681068302733854,1.204590262042276
10.0,0.5,99,0.8660974360727404,1.2115534162751955
10.0,1.0,0,0.8702114434601574,1.1748791280095146
10.0,1.0,1,0.8715420889351178,1.1704793932980637
10.0,1.0,2,0.8706174693578178,1.1739679163711336
10.0,1.0,3,0.8680109532401817,1.1781477782543004
10.0,1.0,4,0.868818145681086,1.1762048099214375
10.0,1.0,5,0.866910859611406,1.1843295958043156
10.0,1.0,6,0.8688029456059856,1.1779724512751975
10.0,1.0,7,0.8693184002239944,1.1798399534959505
10.0,1.0,8,0.8687076210189714,1.1798524267428816
10.0,1.0,9,0.8664059596108805,1.1849514439542923
10.0,1.0,10,0.8698979829486958,1.1754372884903075
10.0,1.0,11,0.8694790543190545,1.1754098887796156
10.0,1.0,12,0.8694654890244694,1.1767098977191426
10.0,1.0,13,0.8688266441077078,1.1781078384313501
10.0,1.0,14,0.8691228972163164,1.1759312071556747
10.0,1.0,15,0.8676763223997376,1.17855414841554
10.0,1.0,16,0.869467357838403,1.1765808836175506
10.0,1.0,17,0.8698802561817206,1.17294217938345
10.0,1.0,18,0.8689635796655137,1.180392584488442
10.0,1.0,19,0.8694825460979744,1.175486593128692
10.0,1.0,20,0.8676937070835132,1.181382501452259
10.0,1.0,21,0.8696679782657143,1.177609351112807
10.0,1.0,22,0.8658162690037533,1.183866169909871
10.0,1.0,23,0.8710696037069782,1.1695315630104928
10.0,1.0,24,0.8662490095127845,1.1897865880866687
10.0,1.0,25,0.8654661551908487,1.1918483117405088
10.0,1.0,26,0.8689518310791042,1.175135374804399
10.0,1.0,27,0.8667506244700224,1.1861040543576489
10.0,1.0,28,0.8673220850035842,1.1835424442670317
10.0,1.0,29,0.8683089388823725,1.1770038630383457
10.0,1.0,30,0.869729225524347,1.1765604045725964
10.0,1.0,31,0.8683060019367395,1.1797244379650589
10.0,1.0,32,0.8687071695426838,1.18122124788686
10.0,1.0,33,0.871249225337483,1.171098238315641
10.0,1.0,34,0.8716091214696969,1.1728610345195685
10.0,1.0,35,0.8685128806794011,1.178910820528405
10.0,1.0,36,0.8703677927298722,1.1714938783179314
10.0,1.0,37,0.8686547682847954,1.1805397414368741
10.0,1.0,38,0.8704134016293563,1.177335470672262
10.0,1.0,39,0.8715596605502747,1.1696127932212856
10.0,1.0,40,0.8672841494655776,1.1810559652016728
10.0,1.0,41,0.8733865621671728,1.163801363418933
10.0,1.0,42,0.8689679099186676,1.1748784221727322
10.0,1.0,43,0.867713141238831,1.1823522750453754
10.0,1.0,44,0.8673145625847045,1.1822051724310785
10.0,1.0,45,0.8680348993567457,1.181076745864532
10.0,1.0,46,0.8677001701805067,1.1845764248893278
10.0,1.0,47,0.8698454579994274,1.1739227964533359
10.0,1.0,48,0.8691712066643184,1.1765487640019294
10.0,1.0,49,0.8662265913605326,1.1854907724487778
10.0,1.0,50,0.869841907809395,1.172853684653614
10.0,1.0,51,0.8689404566454848,1.178305465210847
10.0,1.0,52,0.867646154484288,1.1794365690275883
10.0,1.0,53,0.8691853470912145,1.1784782575938586
10.0,1.0,54,0.8700181334177362,1.172793037939041
10.0,1.0,55,0.8680338339482556,1.1819651987616404
10.0,1.0,56,0.8685127558757033,1.181713433468219
10.0,1.0,57,0.8674372655209023,1.1820987771766107
10.0,1.0,58,0.8679538671245777,1.1839015841822957
10.0,1.0,59,0.8694779325929142,1.1762993683805874
10.0,1.0,60,0.8701350851844338,1.1730128431780278
10.0,1.0,61,0.865370221877328,1.1886973030939392
10.0,1.0,62,0.8688819860328004,1.1793449179605853
10.0,1.0,63,0.8709710404178349,1.1733943141826773
10.0,1.0,64,0.8687276882481629,1.178744458149344
10.0,1.0,65,0.8678840530448022,1.1801985841621339
10.0,1.0,66,0.8705580269055653,1.1734959371496534
10.0,1.0,67,0.8663988337121262,1.1830943624632233
10.0,1.0,68,0.8691790633432716,1.1740083881127712
10.0,1.0,69,0.870839359784594,1.1728602343970551
10.0,1.0,70,0.8680576043778233,1.181014117721934
10.0,1.0,71,0.8675370126846511,1.1818998724086738
10.0,1.0,72,0.8707298676174523,1.1728919448116921
10.0,1.0,73,0.8668581062655545,1.1832374850778449
10.0,1.0,74,0.8683688477206918,1.1833133011548969
10.0,1.0,75,0.8682916905193763,1.177429786679136
10.0,1.0,76,0.8661609754854017,1.1877073607868327
10.0,1.0,77,0.8687804140493902,1.177918572895298
10.0,1.0,78,0.8708068597595494,1.1757777199271808
10.0,1.0,79,0.8686947005141563,1.1791437988809002
10.0,1.0,80,0.8660836916433697,1.1866286229866276
10.0,1.0,81,0.8708398377475736,1.1690427737136149
10.0,1.0,82,0.8685250603882693,1.179055510190369
10.0,1.0,83,0.8689204337714244,1.1774282293789624
10.0,1.0,84,0.8698419402097288,1.1753717243131727
10.0,1.0,85,0.8712931151434266,1.1709285038744242
10.0,1.0,86,0.8691816990467389,1.1768453927827816
10.0,1.0,87,0.8649250191886307,1.1881335351693818
10.0,1.0,88,0.8712376667751838,1.1720407314895247
10.0,1.0,89,0.8697289369182569,1.1740236851864927
10.0,1.0,90,0.8690472266025809,1.1765135512071159
10.0,1.0,91,0.8687806565304224,1.1801632517054579
10.0,1.0,92,0.8696778349673012,1.1748350838777732
10.0,1.0,93,0.8676613768004685,1.1825441211377488
10.0,1.0,94,0.8676627641592661,1.1807838406279751
10.0,1.0,95,0.8699517702154816,1.1760081305156276
10.0,1.0,96,0.8696734741117516,1.1759903908506932
10.0,1.0,97,0.8665471506050073,1.1832934098820247
10.0,1.0,98,0.8687187227117891,1.174003494196423
10.0,1.0,99,0.8702289279840226,1.1751779924499361
10.0,2.0,0,0.8652154397001165,1.176029212243197
10.0,2.0,1,0.8682056697507979,1.1689192427091497
10.0,2.0,2,0.8683200163367463,1.1699681084200146
10.0,2.0,3,0.867812905192459,1.17018602808579
10.0,2.0,4,0.8671312908838896,1.1688406083821363
10.0,2.0,5,0.86760110036811,1.1696213777454931
10.0,2.0,6,0.8635979743876887,1.1830213660579483
10.0,2.0,7,0.8634576418556623,1.178573304441259
10.0,2.0,8,0.8673969335274457,1.1720965678391215
10.0,2.0,9,0.8664329249605922,1.171510199250776
10.0,2.0,10,0.8643397632128392,1.178092469851819
10.0,2.0,11,0.8621782591934536,1.1861015343516692
10.0,2.0,12,0.863543983873858,1.1815620642308235
10.0,2.0,13,0.8655192193126665,1.1773471208168873
10.0,2.0,14,0.8646608508660018,1.1752762789378741
10.0,2.0,15,0.8697583537448215,1.1634451439230769
10.0,2.0,16,0.8664653488566687,1.1717721418822176
10.0,2.0,17,0.8651631863530733,1.1743926285268707
10.0,2.0,18,0.8692392416314071,1.164171155779197
10.0,2.0,19,0.8622497236192196,1.1822360913844006
10.0,2.0,20,0.864983931139214,1.1749841660326403
10.0,2.0,21,0.8648754552217446,1.1769314822990338
10.0,2.0,22,0.8657449847184563,1.1758450783516323
10.0,2.0,23,0.8637697408977902,1.1818649441028521
10.0,2.0,24,0.8654042729774105,1.1769843971349907
10.0,2.0,25,0.8630834431218236,1.1830549798260963
10.0,2.0,26,0.8643226730229632,1.180158361002354
10.0,2.0,27,0.8673982019847938,1.168722853024163
10.0,2.0,28,0.8678339814159465,1.1719832751391692
10.0,2.0,29,0.8654152314947415,1.1759999293107368
10.0,2.0,30,0.8656154246589172,1.1741801298163097
10.0,2.0,31,0.86973513932993,1.1619440582888518
10.0,2.0,32,0.8667870282418311,1.1714030123280592
10.0,2.0,33,0.8613786088631783,1.1868354738306317
10.0,2.0,34,0.8636969463109915,1.1795149105029916
10.0,2.0,35,0.8642006728196947,1.1798011602345848
10.0,2.0,36,0.8647111137285761,1.176112387324953
10.0,2.0,37,0.8661662974978817,1.174907176421383
10.0,2.0,38,0.8650296227738795,1.177523513157722
10.0,2.0,39,0.863285625734459,1.1798880578740705
10.0,2.0,40,0.8630375067748658,1.1828893063266985
10.0,2.0,41,0.8694849696121428,1.1623387717018188
10.0,2.0,42,0.8659756291247447,1.176065726060401
10.0,2.0,43,0.8640120175411539,1.182888492770071
10.0,2.0,44,0.866772566325333,1.1735845036912795
10.0,2.0,45,0.8667293334923852,1.1713687188114064
10.0,2.0,46,0.8634608871010514,1.180793054805808
10.0,2.0,47,0.8647623236182633,1.179612937564714
10.0,2.0,48,0.8642601329341273,1.1793184234417722
10.0,2.0,49,0.8665122219329823,1.1702554480001406
10.0,2.0,50,0.8674599782101834,1.169980740220819
10.0,2.0,51,0.8649472729543802,1.1795631303167637
10.0,2.0,52,0.8627701594859258,1.1831285414237942
10.0,2.0,53,0.8722521140102195,1.1579981742317818
10.0,2.0,54,0.864757618557707,1.1766312531106788
10.0,2.0,55,0.8628299407376167,1.18094241379606
10.0,2.0,56,0.8665138288864156,1.1739234204882099
10.0,2.0,57,0.8635913533732475,1.1785554168525292
10.0,2.0,58,0.8659190161760109,1.1711209979835082
10.0,2.0,59,0.8649405245754506,1.1781790388075706
10.0,2.0,60,0.8654845130188064,1.176020403827705
10.0,2.0,61,0.8647893356832859,1.1786424348536166
10.0,2.0,62,0.8684955500504777,1.1664856956126823
10.0,2.0,63,0.864404686838983,1.1776230144792759
10.0,2.0,64,0.8667372194862861,1.1721488305821532
10.0,2.0,65,0.8662698483935434,1.1744440131139693
10.0,2.0,66,0.8638030979048229,1.1805390196766954
10.0,2.0,67,0.8673671127763075,1.1693760623637095
10.0,2.0,68,0.8635923905297805,1.1818330032112951
10.0,2.0,69,0.868091983641387,1.171383547605347
10.0,2.0,70,0.8651976831231268,1.17481448538727
10.0,2.0,71,0.8701538461646015,1.16246501500896
10.0,2.0,72,0.8628197194236531,1.1831993875634552
10.0,2.0,73,0.8647933838376237,1.177428365051858
10.0,2.0,74,0.8676426319009382,1.168351508779696
10.0,2.0,75,0.8664935746901051,1.1728702977647494
10.0,2.0,76,0.8639854013048278,1.175922493978125
10.0,2.0,77,0.8623687924744214,1.1829325552276406
10.0,2.0,78,0.8673606689268201,1.1701693702467364
10.0,2.0,79,0.8656674284953798,1.1738931999713018
10.0,2.0,80,0.8629238432136671,1.183229902612007
10.0,2.0,81,0.8683148126886108,1.1648906365552159
10.0,2.0,82,0.8660841251331887,1.1739355971758207
10.0,2.0,83,0.8679496261586168,1.1691922368574104
10.0,2.0,84,0.8660024963206728,1.1733382446509513
10.0,2.0,85,0.8661780097381672,1.1735034432163765
10.0,2.0,86,0.8711246291954448,1.1584954426686485
10.0,2.0,87,0.8636035411732278,1.1785283809090752
10.0,2.0,88,0.8623231483073678,1.183688561059669
10.0,2.0,89,0.8655147227733339,1.1709130261158842
10.0,2.0,90,0.8622802762575249,1.18512665015531
10.0,2.0,91,0.8662737185057677,1.1729183688530922
10.0,2.0,92,0.8638374433532582,1.1818538671412313
10.0,2.0,93,0.8690342638543992,1.1688145733236528
10.0,2.0,94,0.8680010678620875,1.1690439151793313
10.0,2.0,95,0.8653015048992895,1.1773237098599136
10.0,2.0,96,0.8667537378053026,1.1725297215279527
10.0,2.0,97,0.8666734370039278,1.1727911970132698
10.0,2.0,98,0.8655894262995492,1.1754289587323536
10.0,2.0,99,0.8650181756196007,1.1757634825001184
12.0,0.5,0,0.8661783176675695,1.208891701531213
12.0,0.5,1,0.8660480637253777,1.2115987959278822
12.0,0.5,2,0.8675893968303684,1.2106987906051263
12.0,0.5,3,0.8646019042170223,1.216559238894865
12.0,0.5,4,0.8690890136824192,1.2076823493552282
12.0,0.5,5,0.8691874267064428,1.2021158689869615
12.0,0.5,6,0.8647826636696074,1.2164141788124614
12.0,0.5,7,0.8673012105860018,1.2073306564292885
12.0,0.5,8,0.8638533735532071,1.2177419255419057
12.0,0.5,9,0.8690516323661543,1.2054228506660465
12.0,0.5,10,0.8660131139442457,1.2126331475687584
12.0,0.5,11,0.8668828926132564,1.2109494917820556
12.0,0.5,12,0.8668864528467976,1.2085194422530436
12.0,0.5,13,0.8677948296737265,1.205618219237511
12.0,0.5,14,0.8712153824088043,1.1987879872216813
12.0,0.5,15,0.8666292673178652,1.208706246915378
12.0,0.5,16,0.8670150676537332,1.2086655883975417
12.0,0.5,17,0.868453679663654,1.2102383711380638
12.0,0.5,18,0.8641986217711146,1.2164012082289868
12.0,0.5,19,0.8660589966611956,1.2153216248113754
12.0,0.5,20,0.864676793216007,1.213224487163578
12.0,0.5,21,0.8672229064849831,1.2083085187592064
12.0,0.5,22,0.8671902244951157,1.2084771997108135
12.0,0.5,23,0.8665066690346842,1.2051346746481304
12.0,0.5,24,0.8704244935838262,1.1994296541793088
12.0,0.5,25,0.8709823550296587,1.201062803649645
12.0,0.5,26,0.8652178314234844,1.2145215209905564
12.0,0.5,27,0.8647923314184197,1.213953214897271
12.0,0.5,28,0.8635228196799289,1.2171221352882446
12.0,0.5,29,0.869412942151172,1.2074904908092394
12.0,0.5,30,0.866933076627069,1.2047521710129376
12.0,0.5,31,0.8691176440243695,1.207453983927059
12.0,0.5,32,0.8643820857079714,1.2131734923066002
12.0,0.5,33,0.8641173799180675,1.215242028309279
12.0,0.5,34,0.8670273527376164,1.2100100060689951
12.0,0.5,35,0.8646080835051989,1.2112028588945278
12.0,0.5,36,0.8668263686340076,1.2118789629198594
12.0,0.5,37,0.8671107731203835,1.2069741473978493
12.0,0.5,38,0.8677213394902705,1.208902864764343
12.0,0.5,39,0.8665630300646295,1.206158496582275
12.0,0.5,40,0.8689550557520462,1.2055076983220294
12.0,0.5,41,0.8658339407526202,1.2121338298269224
12.0,0.5,42,0.8658669381409919,1.2148532609857299
12.0,0.5,43,0.8711264217852831,1.1984099024404369
12.0,0.5,44,0.8701536512961782,1.198322275825122
12.0,0.5,45,0.8666146398513176,1.2068555073040381
12.0,0.5,46,0.8680213165237778,1.209246921140249
12.0,0.5,47,0.8686092223188011,1.2081397763287631
12.0,0.5,48,0.8681358980877532,1.2033229654478659
12.0,0.5,49,0.867122835915276,1.2099841720860325
12.0,0.5,50,0.8696405824265228,1.203923912378346
12.0,0.5,51,0.8656284269235899,1.2140982608306636
12.0,0.5,52,0.8661643898568709,1.2100883778969413
12.0,0.5,53,0.8649071198602392,1.2134546668805024
12.0,0.5,54,0.8695727325290357,1.2031343422518508
12.0,0.5,55,0.8647468951569651,1.2163542665940705
12.0,0.5,56,0.8693093746805565,1.203262947948071
12.0,0.5,57,0.8642080891545241,1.213411833981343
12.0,0.5,58,0.8649323133716823,1.2139879776312272
12.0,0.5,59,0.8679788516810379,1.2072438068434292
12.0,0.5,60,0.8724747870638864,1.1915075570220577
12.0,0.5,61,0.8650586649625234,1.215220299947129
12.0,0.5,62,0.8650923867872607,1.215030086963165
12.0,0.5,63,0.8664045225379717,1.2126127275919687
12.0,0.5,64,0.8656325944207007,1.2119391374776702
12.0,0.5,65,0.8654269637482183,1.2066995430982268
12.0,0.5,66,0.8662987515890483,1.2118014422439098
12.0,0.5,67,0.8666153714397374,1.2104598817922854
12.0,0.5,68,0.8672224357645791,1.209155186630197
12.0,0.5,69,0.8663045064821823,1.2095423581132878
12.0,0.5,70,0.8656415587852391,1.2106269972102977
12.0,0.5,71,0.8645561123281341,1.215720562038729
12.0,0.5,72,0.8661124978470043,1.2119355672236274
12.0,0.5,73,0.8696461063839647,1.2023363447700102
12.0,0.5,74,0.8679846012112814,1.2022020204169095
12.0,0.5,75,0.8646452258652864,1.2109309687074374
12.0,0.5,76,0.8689974710805392,1.2042760051928536
12.0,0.5,77,0.8668962597416812,1.209981205940485
12.0,0.5,78,0.8673569935823574,1.2099383688286915
12.0,0.5,79,0.8629191279925246,1.218502028853739
12.0,0.5,80,0.8645738833402278,1.220771039195917
12.0,0.5,81,0.8667561832443541,1.2071342547275608
12.0,0.5,82,0.8644341900258533,1.2185286367510995
12.0,0.5,83,0.8629513828179595,1.218990712348402
12.0,0.5,84,0.8645333789709168,1.2175220510659557
12.0,0.5,85,0.8668408568642458,1.2103624701834343
12.0,0.5,86,0.8656518949664815,1.2083853513625067
12.0,0.5,87,0.8619247872547839,1.2198997395437736
12.0,0.5,88,0.8672983058072647,1.2079085223476198
12.0,0.5,89,0.8698003403273642,1.2028548453221877
12.0,0.5,90,0.8663446773386602,1.209196426551037
12.0,0.5,91,0.8694640920260106,1.2024840907762406
12.0,0.5,92,0.868596608772127,1.2030903560350807
12.0,0.5,93,0.863710373791917,1.2172633332741511
12.0,0.5,94,0.866556123406136,1.209441291271248
12.0,0.5,95,0.8674683097763523,1.2036726487011886
12.0,0.5,96,0.8654291849101347,1.2108610086912353
12.0,0.5,97,0.8691262705834285,1.204823418409509
12.0,0.5,98,0.8665404518846468,1.213814858153392
12.0,0.5,99,0.865825307347374,1.2145789109246616
12.0,1.0,0,0.8685394146221384,1.1783669126144516
12.0,1.0,1,0.8686229549822103,1.1791757639693707
12.0,1.0,2,0.8675402532179552,1.1820795632134933
12.0,1.0,3,0.8649838098163618,1.1896194296503315
12.0,1.0,4,0.8640011985188208,1.1952847853159698
12.0,1.0,5,0.8648127443931991,1.1961039785330374
12.0,1.0,6,0.8644199654110334,1.192879548638978
12.0,1.0,7,0.8681951821510527,1.1800019530774457
12.0,1.0,8,0.8683493128437882,1.180901854339446
12.0,1.0,9,0.8689076940947885,1.1829567859052783
12.0,1.0,10,0.8671593167836957,1.186742634450759
12.0,1.0,11,0.8704300959666431,1.1770144203918795
12.0,1.0,12,0.8638074094684343,1.1974806716508246
12.0,1.0,13,0.8676141415530025,1.183689106313031
12.0,1.0,14,0.8693049940983227,1.1796998761340316
12.0,1.0,15,0.8664588350070617,1.1853515332009077
12.0,1.0,16,0.8656730574166068,1.1902507387551275
12.0,1.0,17,0.8695378041473908,1.1816246576428748
12.0,1.0,18,0.8706143297242406,1.1752884070559158
12.0,1.0,19,0.8686757125620848,1.1799334336774188
12.0,1.0,20,0.866652849466419,1.184423125694405
12.0,1.0,21,0.8695239377438624,1.1811668728584883
12.0,1.0,22,0.8658490547724619,1.1912912815242085
12.0,1.0,23,0.8639130941822954,1.1972366834214332
12.0,1.0,24,0.8654515348992398,1.190878907532566
12.0,1.0,25,0.8667961920912787,1.1864987750029155
12.0,1.0,26,0.8662099188988086,1.1898343511631728
12.0,1.0,27,0.8659118285796092,1.1870317133715649
12.0,1.0,28,0.8660632376811626,1.1908069877000869
12.0,1.0,29,0.8679889381361228,1.1807609126351593
12.0,1.0,30,0.8646341076411066,1.195211711712907
12.0,1.0,31,0.869132328790831,1.1803174876225553
12.0,1.0,32,0.8678462469385964,1.1852280918335125
12.0,1.0,33,0.8672256224214854,1.1841638439002988
12.0,1.0,34,0.8685681570116169,1.180854424708907
12.0,1.0,35,0.8675610916308533,1.1839324467482497
12.0,1.0,36,0.8658182299614543,1.1908948410241968
12.0,1.0,37,0.866672109029451,1.1861861378581402
12.0,1.0,38,0.868615954992222,1.1804672306235118
12.0,1.0,39,0.8693116583412177,1.1825374071566803
12.0,1.0,40,0.8689375956590858,1.1800278214201187
12.0,1.0,41,0.8663982691202656,1.185547237695268
12.0,1.0,42,0.8664552577954111,1.1913614506397776
12.0,1.0,43,0.8657613052524153,1.1900098860958053
12.0,1.0,44,0.8676482416216618,1.1847459518366084
12.0,1.0,45,0.869114119484365,1.1819114029756426
12.0,1.0,46,0.8688255537021808,1.1818481518615727
12.0,1.0,47,0.8632404653810223,1.1976718444082066
12.0,1.0,48,0.8631043042799271,1.1961497053846721
12.0,1.0,49,0.8676574718860294,1.1900318928884508
12.0,1.0,50,0.8676802057052911,1.185219687844234
12.0,1.0,51,0.8652965661617308,1.1924993658275354
12.0,1.0,52,0.867645083163941,1.182651651956993
12.0,1.0,53,0.8683414157028204,1.1804175440251734
12.0,1.0,54,0.8637692460601084,1.1942908155253076
12.0,1.0,55,0.8664289992037824,1.1860796782007546
12.0,1.0,56,0.8660236383651769,1.1900129056022728
12.0,1.0,57,0.867607092207233,1.1821913177881676
12.0,1.0,58,0.8649303373826562,1.192183762809
12.0,1.0,59,0.8680590775562679,1.1836809059362872
12.0,1.0,60,0.8643090070865249,1.1916837089154972
12.0,1.0,61,0.8673194822711134,1.185001825222839
12.0,1.0,62,0.8675803323684752,1.1824766722766171
12.0,1.0,63,0.8679534176579292,1.1850451963126025
12.0,1.0,64,0.8665581909445947,1.18903876010165
12.0,1.0,65,0.8676896306297119,1.1818772983988375
12.0,1.0,66,0.8674660255547338,1.1852989707341217
12.0,1.0,67,0.8659213422772497,1.187289508243337
12.0,1.0,68,0.8669558334721639,1.1864444888681656
12.0,1.0,69,0.8674393807297621,1.1842231240031384
12.0,1.0,70,0.8674215384517253,1.1825959072470196
12.0,1.0,71,0.8657455117567475,1.1906761560017685
12.0,1.0,72,0.8638973025282382,1.194090954310604
12.0,1.0,73,0.8677138651149479,1.1861920154312384
12.0,1.0,74,0.8675694423231958,1.185582635917294
12.0,1.0,75,0.8692612573912073,1.1790277768318502
12.0,1.0,76,0.8662276003063898,1.1885221954317606
12.0,1.0,77,0.8724620476393834,1.170895397791819
12.0,1.0,78,0.8672503729362316,1.1850497475204065
12.0,1.0,79,0.8682310139696066,1.1869740027321705
12.0,1.0,80,0.8679671230106922,1.1850869873605285
12.0,1.0,81,0.8686140490757545,1.181393453438584
12.0,1.0,82,0.8667770679885568,1.1864079820877418
12.0,1.0,83,0.868298133668382,1.1840393131938334
12.0,1.0,84,0.8663827914673058,1.186697326844092
12.0,1.0,85,0.8682867449816639,1.1822439104994051
12.0,1.0,86,0.8676146150820085,1.183714905305741
12.0,1.0,87,0.8686970230709106,1.181872045167289
12.0,1.0,88,0.8679857597165112,1.1840938304589
12.0,1.0,89,0.8670413434287376,1.1843160461940805
12.0,1.0,90,0.8696502178501381,1.1790940113760637
12.0,1.0,91,0.8681990832390171,1.18417220406646
12.0,1.0,92,0.868973418659222,1.1815371488854627
12.0,1.0,93,0.8672463658319728,1.1866485233549435
12.0,1.0,94,0.8697419476575747,1.1782031284358847
12.0,1.0,95,0.8685407423329846,1.1823127929113528
12.0,1.0,96,0.865507596257805,1.189433775810739
12.0,1.0,97,0.8685693017633132,1.1822815595094658
12.0,1.0,98,0.8661681307739085,1.190727742129294
12.0,1.0,99,0.8657050907785778,1.1876416188776984
12.0,2.0,0,0.8655133999686893,1.1800547927721634
12.0,2.0,1,0.86039721291278,1.1897480589845544
12.0,2.0,2,0.8615283417424193,1.187038614292748
12.0,2.0,3,0.8658533570277169,1.178099665533048
12.0,2.0,4,0.861194870874637,1.1899390890538466
12.0,2.0,5,0.8646020445507779,1.1809375210796371
12.0,2.0,6,0.8655642616723379,1.177542532813398
12.0,2.0,7,0.8634847899009098,1.181546455938692
12.0,2.0,8,0.8675035969989227,1.1719290774372801
12.0,2.0,9,0.8640750908844713,1.1823311438095898
12.0,2.0,10,0.8626668436832224,1.1836539737379996
12.0,2.0,11,0.8657043202575463,1.1784140586329863
12.0,2.0,12,0.8634061162890653,1.183717272087663
12.0,2.0,13,0.8654514990496058,1.1781957498689115
12.0,2.0,14,0.8652408903983155,1.1798026885471296
12.0,2.0,15,0.8635091226492323,1.1840526657796644
12.0,2.0,16,0.8660101846797746,1.1776848709821466
12.0,2.0,17,0.8647527662724714,1.1798096174586865
12.0,2.0,18,0.8623278740358598,1.186557910092992
12.0,2.0,19,0.8643149008181276,1.1804418594762842
12.0,2.0,20,0.8633723604824355,1.1830035482962913
12.0,2.0,21,0.8661972413848728,1.1722503414560423
12.0,2.0,22,0.8614594793768334,1.1888883350091894
12.0,2.0,23,0.8658226767818457,1.1755331973194734
12.0,2.0,24,0.8645937354388514,1.180517240351937
12.0,2.0,25,0.8643408173828239,1.1792923164168085
12.0,2.0,26,0.8619963968757294,1.1874611978688236
12.0,2.0,27,0.8629412567879334,1.184205549520938
12.0,2.0,28,0.86517973170426,1.1750380194489891
12.0,2.0,29,0.867243527904072,1.1746472385032782
12.0,2.0,30,0.8669775273143729,1.1737403542780094
12.0,2.0,31,0.86788441197304,1.1683987968976823
12.0,2.0,32,0.8666827555581048,1.1761023338976384
12.0,2.0,33,0.8646084810878105,1.1796474833496482
12.0,2.0,34,0.8680095240858567,1.1670777353539867
12.0,2.0,35,0.8637982915561907,1.182264037151044
12.0,2.0,36,0.8632116545348173,1.1849395307197752
12.0,2.0,37,0.8651235920596706,1.177806350781013
12.0,2.0,38,0.8618749137677204,1.187261076534823
12.0,2.0,39,0.8647117341630943,1.182616316826681
12.0,2.0,40,0.8631286532831347,1.1827501009103647
12.0,2.0,41,0.865955102616564,1.176669321674305
12.0,2.0,42,0.8661669449157654,1.1725760522607465
12.0,2.0,43,0.8617949577345421,1.1889421914426381
12.0,2.0,44,0.8645884360106504,1.180641301892957
12.0,2.0,45,0.8643533563409959,1.1785892010312504
12.0,2.0,46,0.8642871168009808,1.1804011427768
12.0,2.0,47,0.8619388619908127,1.188448716878629
12.0,2.0,48,0.8629467970722479,1.1829679409052434
12.0,2.0,49,0.8648292068570218,1.1768409618014122
12.0,2.0,50,0.8669001137465747,1.1740013142739338
12.0,2.0,51,0.8649526757836661,1.1834050974415864
12.0,2.0,52,0.8624298424510811,1.186095238646047
12.0,2.0,53,0.8676689217707532,1.171234504210248
12.0,2.0,54,0.8663676139757743,1.175481962146624
12.0,2.0,55,0.8673544561494207,1.1693089622165262
12.0,2.0,56,0.8672743012273979,1.1738372306334075
12.0,2.0,57,0.8662176662212189,1.1783252404807008
12.0,2.0,58,0.862337919263128,1.1881011295791093
12.0,2.0,59,0.8663895716537803,1.1710099292273384
12.0,2.0,60,0.8644576093513524,1.1799033567409107
12.0,2.0,61,0.8606030318053823,1.1939558634508323
12.0,2.0,62,0.862606051012636,1.1848534229584935
12.0,2.0,63,0.865069319446996,1.1775587158551055
12.0,2.0,64,0.8685906702190639,1.1673065326925736
12.0,2.0,65,0.8648545370968278,1.1800418411154305
12.0,2.0,66,0.8672439010836765,1.1743305094004648
12.0,2.0,67,0.8643106191857317,1.1811807205848948
12.0,2.0,68,0.8655089873617967,1.1755295723454273
12.0,2.0,69,0.8653630341574307,1.175813662272055
12.0,2.0,70,0.8638796854675871,1.1812210736409727
12.0,2.0,71,0.8640879863094448,1.1867716143572398
12.0,2.0,72,0.8652828356696319,1.177107183459123
12.0,2.0,73,0.8648677751184933,1.1772509772428377
12.0,2.0,74,0.8686298235353429,1.168589336335061
12.0,2.0,75,0.8638999970027083,1.180716156236033
12.0,2.0,76,0.8642891702057928,1.1820930118174746
12.0,2.0,77,0.8642485548184037,1.183181207794085
12.0,2.0,78,0.8638580445230775,1.1823262691051577
12.0,2.0,79,0.8630401308860217,1.1835223990740387
12.0,2.0,80,0.8659060064404244,1.1757439454998506
12.0,2.0,81,0.860713984491031,1.1884999430464582
12.0,2.0,82,0.8629223572034084,1.1843979898140409
12.0,2.0,83,0.8628692822385237,1.1823241709855565
12.0,2.0,84,0.8652639698290815,1.1762890031794435
12.0,2.0,85,0.8651995940074056,1.1786152716570368
12.0,2.0,86,0.8696208989053015,1.1654240923100752
12.0,2.0,87,0.8655274953032697,1.1758054518822205
12.0,2.0,88,0.8640713407689192,1.180701886098937
12.0,2.0,89,0.8652764000470169,1.1731874052876876
12.0,2.0,90,0.8657532128961707,1.1774875730388479
12.0,2.0,91,0.8651546669877468,1.177651384143416
12.0,2.0,92,0.8654276110937852,1.1756682005045946
12.0,2.0,93,0.8657211600967908,1.1758361880420092
12.0,2.0,94,0.8677802021086632,1.1709039018651963
12.0,2.0,95,0.865457396280336,1.1781197440970081
12.0,2.0,96,0.8645711228549927,1.180783405431129
12.0,2.0,97,0.8631515849767007,1.1834337172050975
12.0,2.0,98,0.8632954197636837,1.184247395872388
12.0,2.0,99,0.8624151490123347,1.1870370412288567
